{
  "version": "0.3.7",
  "timestamp": "2026-06-11 17:04:18Z",
  "latency_mode": "api",
  "latency_ms": 2.0522349999131015,
  "model": "RedHatAI/Qwen3.6-35B-A3B-NVFP4",
  "prefix_caching_enabled": false,
  "max_concurrency": 8,
  "benchmarks": [
    {
      "concurrency": 4,
      "context_size": 0,
      "prompt_size": 512,
      "response_size": 128,
      "is_context_prefill_phase": false,
      "pp_throughput": {
        "mean": 522.7746429088099,
        "std": 0.0,
        "values": [
          522.7746429088099
        ]
      },
      "pp_req_throughput": {
        "mean": 1162.200649093471,
        "std": 595.521229818721,
        "values": [
          1503.4044377475293,
          1505.4047881926915,
          1509.259308745309,
          130.7340616883541
        ]
      },
      "tg_throughput": {
        "mean": 76.8266998406982,
        "std": 0.0,
        "values": [
          76.8266998406982
        ]
      },
      "tg_req_throughput": {
        "mean": 37.85906379684168,
        "std": 2.868734566897805,
        "values": [
          36.20356659327974,
          36.201072805622275,
          36.20375830713273,
          42.827857481331975
        ]
      },
      "peak_throughput": {
        "mean": 114.0,
        "std": 0.0,
        "values": [
          114.0
        ]
      },
      "peak_req_throughput": {
        "mean": 39.5,
        "std": 2.598076211353316,
        "values": [
          38.0,
          38.0,
          38.0,
          44.0
        ]
      },
      "ttfr": {
        "mean": 1260.384406499952,
        "std": 1578.7680072450926,
        "values": [
          349.2641940001704,
          348.80282599988277,
          348.5798309998245,
          3994.8907749999307
        ]
      },
      "est_ppt": {
        "mean": 1258.3321715000388,
        "std": 1578.7680072450923,
        "values": [
          347.2119590002573,
          346.7505909999697,
          346.5275959999114,
          3992.8385400000175
        ]
      },
      "e2e_ttft": {
        "mean": 1260.384406499952,
        "std": 1578.7680072450926,
        "values": [
          349.2641940001704,
          348.80282599988277,
          348.5798309998245,
          3994.8907749999307
        ]
      },
      "throughput_over_time": null,
      "requests_throughput_over_time": null
    },
    {
      "concurrency": 8,
      "context_size": 0,
      "prompt_size": 512,
      "response_size": 128,
      "is_context_prefill_phase": false,
      "pp_throughput": {
        "mean": 643.8511394902192,
        "std": 0.0,
        "values": [
          643.8511394902192
        ]
      },
      "pp_req_throughput": {
        "mean": 589.3954062516517,
        "std": 593.6477290861446,
        "values": [
          1354.1004753854838,
          1355.9071051514275,
          124.332684687336,
          1354.4956439664845,
          124.34082190113364,
          197.04039312619543,
          124.38555110444675,
          80.56057469070525
        ]
      },
      "tg_throughput": {
        "mean": 108.76258297004033,
        "std": 0.0,
        "values": [
          108.76258297004033
        ]
      },
      "tg_req_throughput": {
        "mean": 36.016825982975135,
        "std": 1.250612108519026,
        "values": [
          35.843148070887445,
          35.8419565171968,
          35.64527582877166,
          35.84038957065655,
          35.642604997667775,
          34.52977874764155,
          35.6452649437588,
          39.1461891872205
        ]
      },
      "peak_throughput": {
        "mean": 156.0,
        "std": 0.0,
        "values": [
          156.0
        ]
      },
      "peak_req_throughput": {
        "mean": 40.0,
        "std": 1.5811388300841898,
        "values": [
          40.0,
          40.0,
          39.0,
          40.0,
          39.0,
          39.0,
          39.0,
          44.0
        ]
      },
      "ttfr": {
        "mean": 2861.690108625055,
        "std": 2147.4030951456757,
        "values": [
          387.5480010001411,
          387.0343610001328,
          4200.465558999895,
          386.6972519999763,
          4200.190803000169,
          2651.2552320000395,
          4198.681147000116,
          6481.648513999971
        ]
      },
      "est_ppt": {
        "mean": 2859.637873625142,
        "std": 2147.4030951456757,
        "values": [
          385.495766000228,
          384.9821260002197,
          4198.413323999982,
          384.6450170000632,
          4198.138568000256,
          2649.2029970001263,
          4196.628912000203,
          6479.5962790000585
        ]
      },
      "e2e_ttft": {
        "mean": 2861.690108625055,
        "std": 2147.4030951456757,
        "values": [
          387.5480010001411,
          387.0343610001328,
          4200.465558999895,
          386.6972519999763,
          4200.190803000169,
          2651.2552320000395,
          4198.681147000116,
          6481.648513999971
        ]
      },
      "throughput_over_time": null,
      "requests_throughput_over_time": null
    }
  ]
}