{
  "version": "0.3.7",
  "timestamp": "2026-06-14 13:47:44Z",
  "latency_mode": "api",
  "latency_ms": 1.4900469990000904,
  "model": "RedHatAI/Qwen3.6-35B-A3B-NVFP4",
  "prefix_caching_enabled": false,
  "max_concurrency": 12,
  "benchmarks": [
    {
      "concurrency": 1,
      "context_size": 0,
      "prompt_size": 512,
      "response_size": 128,
      "is_context_prefill_phase": false,
      "pp_throughput": {
        "mean": 4106.96658996365,
        "std": 0.0,
        "values": [
          4106.96658996365
        ]
      },
      "pp_req_throughput": {
        "mean": 4106.96658996365,
        "std": 0.0,
        "values": [
          4106.96658996365
        ]
      },
      "tg_throughput": {
        "mean": 43.40847948737738,
        "std": 0.0,
        "values": [
          43.40847948737738
        ]
      },
      "tg_req_throughput": {
        "mean": 43.40847948737738,
        "std": 0.0,
        "values": [
          43.40847948737738
        ]
      },
      "peak_throughput": {
        "mean": 44.0,
        "std": 0.0,
        "values": [
          44.0
        ]
      },
      "peak_req_throughput": {
        "mean": 44.0,
        "std": 0.0,
        "values": [
          44.0
        ]
      },
      "ttfr": {
        "mean": 128.59115399987786,
        "std": 0.0,
        "values": [
          128.59115399987786
        ]
      },
      "est_ppt": {
        "mean": 127.10110700087776,
        "std": 0.0,
        "values": [
          127.10110700087776
        ]
      },
      "e2e_ttft": {
        "mean": 128.59115399987786,
        "std": 0.0,
        "values": [
          128.59115399987786
        ]
      },
      "throughput_over_time": null,
      "requests_throughput_over_time": null
    },
    {
      "concurrency": 2,
      "context_size": 0,
      "prompt_size": 512,
      "response_size": 128,
      "is_context_prefill_phase": false,
      "pp_throughput": {
        "mean": 4159.5780523645735,
        "std": 0.0,
        "values": [
          4159.5780523645735
        ]
      },
      "pp_req_throughput": {
        "mean": 2490.1104198343487,
        "std": 399.9145269429887,
        "values": [
          2090.19589289136,
          2890.0249467773374
        ]
      },
      "tg_throughput": {
        "mean": 84.86716009892005,
        "std": 0.0,
        "values": [
          84.86716009892005
        ]
      },
      "tg_req_throughput": {
        "mean": 43.08251124195252,
        "std": 0.3460916889473715,
        "values": [
          43.428602930899885,
          42.73641955300514
        ]
      },
      "peak_throughput": {
        "mean": 88.0,
        "std": 0.0,
        "values": [
          88.0
        ]
      },
      "peak_req_throughput": {
        "mean": 44.0,
        "std": 0.0,
        "values": [
          44.0,
          44.0
        ]
      },
      "ttfr": {
        "mean": 216.84237400222628,
        "std": 34.38503100005619,
        "values": [
          251.22740500228247,
          182.4573430021701
        ]
      },
      "est_ppt": {
        "mean": 215.35232700322618,
        "std": 34.38503100005619,
        "values": [
          249.73735800328237,
          180.96729600317
        ]
      },
      "e2e_ttft": {
        "mean": 216.84237400222628,
        "std": 34.38503100005619,
        "values": [
          251.22740500228247,
          182.4573430021701
        ]
      },
      "throughput_over_time": null,
      "requests_throughput_over_time": null
    },
    {
      "concurrency": 4,
      "context_size": 0,
      "prompt_size": 512,
      "response_size": 128,
      "is_context_prefill_phase": false,
      "pp_throughput": {
        "mean": 5454.818421225563,
        "std": 0.0,
        "values": [
          5454.818421225563
        ]
      },
      "pp_req_throughput": {
        "mean": 1651.0502812184845,
        "std": 279.7581354310188,
        "values": [
          1370.4310668376297,
          1928.3578633208438,
          1933.2469458397334,
          1372.1652488757313
        ]
      },
      "tg_throughput": {
        "mean": 140.5228401890252,
        "std": 0.0,
        "values": [
          140.5228401890252
        ]
      },
      "tg_req_throughput": {
        "mean": 35.83875462144476,
        "std": 0.40331924928850005,
        "values": [
          36.24112736513943,
          35.43593115370573,
          35.43494100342862,
          36.24301896350525
        ]
      },
      "peak_throughput": {
        "mean": 156.0,
        "std": 0.0,
        "values": [
          156.0
        ]
      },
      "peak_req_throughput": {
        "mean": 39.0,
        "std": 0.0,
        "values": [
          39.0,
          39.0,
          39.0,
          39.0
        ]
      },
      "ttfr": {
        "mean": 326.86825524888263,
        "std": 55.28343539589987,
        "values": [
          382.3920949980675,
          271.6681140009314,
          271.5021119984158,
          381.9106999981159
        ]
      },
      "est_ppt": {
        "mean": 325.37820824988256,
        "std": 55.28343539589987,
        "values": [
          380.9020479990674,
          270.1780670019313,
          270.0120649994157,
          380.4206529991158
        ]
      },
      "e2e_ttft": {
        "mean": 326.86825524888263,
        "std": 55.28343539589987,
        "values": [
          382.3920949980675,
          271.6681140009314,
          271.5021119984158,
          381.9106999981159
        ]
      },
      "throughput_over_time": null,
      "requests_throughput_over_time": null
    },
    {
      "concurrency": 6,
      "context_size": 0,
      "prompt_size": 512,
      "response_size": 128,
      "is_context_prefill_phase": false,
      "pp_throughput": {
        "mean": 755.905508345233,
        "std": 0.0,
        "values": [
          755.905508345233
        ]
      },
      "pp_req_throughput": {
        "mean": 987.9062057941352,
        "std": 651.0280678345354,
        "values": [
          126.27101030951331,
          1908.7414548184336,
          128.21740093696985,
          1252.4155393714493,
          1254.2364207742849,
          1257.5554085541612
        ]
      },
      "tg_throughput": {
        "mean": 111.89661822454454,
        "std": 0.0,
        "values": [
          111.89661822454454
        ]
      },
      "tg_req_throughput": {
        "mean": 38.07841715905973,
        "std": 3.3721607221454892,
        "values": [
          43.173834961147506,
          35.19762482750058,
          42.48009240959557,
          35.872693506326684,
          35.87448863051083,
          35.871768619277226
        ]
      },
      "peak_throughput": {
        "mean": 156.0,
        "std": 0.0,
        "values": [
          156.0
        ]
      },
      "peak_req_throughput": {
        "mean": 40.666666666666664,
        "std": 2.3570226039551585,
        "values": [
          44.0,
          39.0,
          44.0,
          39.0,
          39.0,
          39.0
        ]
      },
      "ttfr": {
        "mean": 1623.7984676663473,
        "std": 1757.4609592529723,
        "values": [
          4143.375018997176,
          274.9686780007323,
          4072.700320997683,
          417.48616300174035,
          417.67952400186914,
          416.5811009988829
        ]
      },
      "est_ppt": {
        "mean": 1622.3084206673468,
        "std": 1757.4609592529725,
        "values": [
          4141.884971998176,
          273.47863100173225,
          4071.210273998683,
          415.9961160027403,
          416.18947700286907,
          415.09105399988283
        ]
      },
      "e2e_ttft": {
        "mean": 1623.7984676663473,
        "std": 1757.4609592529723,
        "values": [
          4143.375018997176,
          274.9686780007323,
          4072.700320997683,
          417.48616300174035,
          417.67952400186914,
          416.5811009988829
        ]
      },
      "throughput_over_time": null,