{
  "version": "0.3.7",
  "timestamp": "2026-06-10 10:05:39Z",
  "latency_mode": "api",
  "latency_ms": 1.8629500021537144,
  "model": "google/gemma-4-12B-it",
  "prefix_caching_enabled": false,
  "max_concurrency": 16,
  "benchmarks": [
    {
      "concurrency": 1,
      "context_size": 0,
      "prompt_size": 512,
      "response_size": 128,
      "is_context_prefill_phase": false,
      "pp_throughput": {
        "mean": 733.7781248662404,
        "std": 0.0,
        "values": [
          733.7781248662404
        ]
      },
      "pp_req_throughput": {
        "mean": 733.7781248662404,
        "std": 0.0,
        "values": [
          733.7781248662404
        ]
      },
      "tg_throughput": {
        "mean": 8.056391919759838,
        "std": 0.0,
        "values": [
          8.056391919759838
        ]
      },
      "tg_req_throughput": {
        "mean": 8.056391919759838,
        "std": 0.0,
        "values": [
          8.056391919759838
        ]
      },
      "peak_throughput": {
        "mean": 9.0,
        "std": 0.0,
        "values": [
          9.0
        ]
      },
      "peak_req_throughput": {
        "mean": 9.0,
        "std": 0.0,
        "values": [
          9.0
        ]
      },
      "ttfr": {
        "mean": 717.338080983609,
        "std": 0.0,
        "values": [
          717.338080983609
        ]
      },
      "est_ppt": {
        "mean": 715.4751309814552,
        "std": 0.0,
        "values": [
          715.4751309814552
        ]
      },
      "e2e_ttft": {
        "mean": 717.338080983609,
        "std": 0.0,
        "values": [
          717.338080983609
        ]
      },
      "throughput_over_time": null,
      "requests_throughput_over_time": null
    },
    {
      "concurrency": 2,
      "context_size": 0,
      "prompt_size": 512,
      "response_size": 128,
      "is_context_prefill_phase": false,
      "pp_throughput": {
        "mean": 1143.715815488883,
        "std": 0.0,
        "values": [
          1143.715815488883
        ]
      },
      "pp_req_throughput": {
        "mean": 573.1133615689236,
        "std": 0.09266637856637772,
        "values": [
          573.0206951903572,
          573.2060279474899
        ]
      },
      "tg_throughput": {
        "mean": 19.806949503338213,
        "std": 0.0,
        "values": [
          19.806949503338213
        ]
      },
      "tg_req_throughput": {
        "mean": 9.903542729177971,
        "std": 5.738809139010925e-05,
        "values": [
          9.903600117269361,
          9.903485341086581
        ]
      },
      "peak_throughput": {
        "mean": 22.0,
        "std": 0.0,
        "values": [
          22.0
        ]
      },
      "peak_req_throughput": {
        "mean": 11.0,
        "std": 0.0,
        "values": [
          11.0,
          11.0
        ]
      },
      "ttfr": {
        "mean": 917.9121104825754,
        "std": 0.14811547589488328,
        "values": [
          918.0602259584703,
          917.7639950066805
        ]
      },
      "est_ppt": {
        "mean": 916.0491604804216,
        "std": 0.14811547589488328,
        "values": [
          916.1972759563165,
          915.9010450045267
        ]
      },
      "e2e_ttft": {
        "mean": 917.9121104825754,
        "std": 0.14811547589488328,
        "values": [
          918.0602259584703,
          917.7639950066805
        ]
      },
      "throughput_over_time": null,
      "requests_throughput_over_time": null
    },
    {
      "concurrency": 4,
      "context_size": 0,
      "prompt_size": 512,
      "response_size": 128,
      "is_context_prefill_phase": false,
      "pp_throughput": {
        "mean": 1925.3033207342512,
        "std": 0.0,
        "values": [
          1925.3033207342512
        ]
      },
      "pp_req_throughput": {
        "mean": 500.06160944098565,
        "std": 17.631652368516743,
        "values": [
          482.8373920708953,
          517.6272574208666,
          482.0272897884087,
          517.754498483772
        ]
      },
      "tg_throughput": {
        "mean": 38.60844275016963,
        "std": 0.0,
        "values": [
          38.60844275016963
        ]
      },
      "tg_req_throughput": {
        "mean": 9.679816130146616,
        "std": 0.027630883752893173,
        "values": [
          9.707467054167301,
          9.65217302148766,
          9.707426963654065,
          9.652197481277437
        ]
      },
      "peak_throughput": {
        "mean": 44.0,
        "std": 0.0,
        "values": [
          44.0
        ]
      },
      "peak_req_throughput": {
        "mean": 11.0,
        "std": 0.0,
        "values": [
          11.0,
          11.0,
          11.0,
          11.0
        ]
      },
      "ttfr": {
        "mean": 1053.558214000077,
        "std": 37.57675110693028,
        "values": [
          1091.2566229817457,
          1016.1062930128537,
          1091.0129029653035,
          1015.857037040405
        ]
      },
      "est_ppt": {
        "mean": 1051.6952639979233,
        "std": 37.57675110693028,
        "values": [
          1089.393672979592,
          1014.2433430107001,
          1089.1499529631499,
          1013.9940870382513
        ]
      },
      "e2e_ttft": {
        "mean": 1053.558214000077,
        "std": 37.57675110693028,
        "values": [
          1091.2566229817457,
          1016.1062930128537,
          1091.0129029653035,
          1015.857037040405
        ]
      },
      "throughput_over_time": null,
      "requests_throughput_over_time": null
    },
    {
      "concurrency": 8,
      "context_size": 0,
      "prompt_size": 512,
      "response_size": 128,
      "is_context_prefill_phase": false,
      "pp_throughput": {
        "mean": 2213.8854715388757,
        "std": 0.0,
        "values": [
          2213.8854715388757
        ]
      },
      "pp_req_throughput": {
        "mean": 283.46319465356237,
        "std": 10.962767101803038,
        "values": [
          302.4118241622585,
          277.11422761442805,
          276.6435157559257,
          277.1066967614979,
          302.4835465156461,
          277.2049427147119,
          277.3446991896896,
          277.396104514341
        ]
      },
      "tg_throughput": {
        "mean": 75.35658057494045,
        "std": 0.0,
        "values": [
          75.35658057494045
        ]
      },
      "tg_req_throughput": {
        "mean": 9.503786742758525,
        "std": 0.048525663421292206,
        "values": [
          9.419776497769899,
          9.531843954757338,
          9.531652969124647,
          9.53190744638023,
          9.41969936637467,
          9.531876599350637,
          9.53178703340274,
          9.531750074908027
        ]
      },
      "peak_throughput": {
        "mean": 88.0,
        "std": 0.0,
        "values": [
          88.0
        ]
      },
      "peak_req_throughput": {
        "mean": 11.0,
        "std": 0.0,
        "values": [
          11.0,
          11.0,
          11.0,
          11.0,
          11.0,
          11.0,
          11.0,
          11.0
        ]
      },
      "ttfr": {
        "mean": 1856.1591117395437,
        "std": 68.39538526236322,
        "values": [
          1737.9061799729243,
          1896.388555993326,
          1895.997350977268,
          1896.4400429977104,
          1737.494544009678,
          1895.7685739733279,
          1894.8142179870047,
          1894.4634280051105
        ]
      },
      "est_ppt": {
        "mean": 1854.29616173739,
        "std": 68.39538526236322,
        "values": [
          1736.0432299707707,
          1894.5256059911724,
          1894.1344009751144,
          1894.5770929955568,
          1735.6315940075244,
          1893.9056239711742,
          1892.951267984851,
          1892.6004780029568
        ]
      },
      "e2e_ttft": {
        "mean": 1856.1591117395437,
        "std": 68.39538526236322,