{
  "version": "0.3.7",
  "timestamp": "2026-06-10 10:06:33Z",
  "latency_mode": "api",
  "latency_ms": 1.77537533454597,
  "model": "google/gemma-4-12B-it",
  "prefix_caching_enabled": false,
  "max_concurrency": 32,
  "benchmarks": [
    {
      "concurrency": 24,
      "context_size": 0,
      "prompt_size": 512,
      "response_size": 128,
      "is_context_prefill_phase": false,
      "pp_throughput": {
        "mean": 3002.7096412201586,
        "std": 0.0,
        "values": [
          3002.7096412201586
        ]
      },
      "pp_req_throughput": {
        "mean": 174.59487270791382,
        "std": 236.6222528697478,
        "values": [
          1309.3951893599572,
          125.18199830308028,
          125.2138137468142,
          124.98627468652086,
          125.45479702284472,
          125.24374037268089,
          124.99113628415431,
          125.24206489134323,
          125.22973207381833,
          125.27548438057465,
          125.29618252533656,
          125.25764087137843,
          125.279353312343,
          125.28899632100395,
          125.27011303627215,
          125.27310450442864,
          125.29679871120618,
          125.27104993498186,
          125.28716269155201,
          125.04108928100914,
          125.3081881586119,
          125.54165239302976,
          125.3152420787758,
          125.33614004821375
        ]
      },
      "tg_throughput": {
        "mean": 164.84291970535375,
        "std": 0.0,
        "values": [
          164.84291970535375
        ]
      },
      "tg_req_throughput": {
        "mean": 8.56892185852317,
        "std": 0.3451579928613637,
        "values": [
          6.9136024488405665,
          8.6410700917443,
          8.640847985137443,
          8.640919548786405,
          8.641012870493466,
          8.640652743122462,
          8.640880210842198,
          8.640810783130458,
          8.641036764036613,
          8.640587373016785,
          8.640512409384183,
          8.641084691421293,
          8.640830601935857,
          8.640679812798636,
          8.640917150080117,
          8.641052106191431,
          8.640790221870413,
          8.64111118054466,
          8.640930074274962,
          8.641096035747628,
          8.640944118509003,
          8.640990548617976,
          8.640866035715765,
          8.640898798313449
        ]
      },
      "peak_throughput": {
        "mean": 240.0,
        "std": 0.0,
        "values": [
          240.0
        ]
      },
      "peak_req_throughput": {
        "mean": 10.0,
        "std": 0.0,
        "values": [
          10.0,
          10.0,
          10.0,
          10.0,
          10.0,
          10.0,
          10.0,
          10.0,
          10.0,
          10.0,
          10.0,
          10.0,
          10.0,
          10.0,
          10.0,
          10.0,
          10.0,
          10.0,
          10.0,
          10.0,
          10.0,
          10.0,
          10.0,
          10.0
        ]
      },
      "ttfr": {
        "mean": 4034.9317504951614,
        "std": 757.3686759106831,
        "values": [
          402.7238470152952,
          4195.669122971594,
          4194.603501004167,
          4194.235717994161,
          4194.520591001492,
          4193.601636972744,
          4194.0726499888115,
          4193.657714989968,
          4194.0705380402505,
          4192.539454961661,
          4191.847166977823,
          4193.136447982397,
          4192.41003395291,
          4192.087497038301,
          4192.719146958552,
          4192.619069013745,
          4191.826561000198,
          4192.687803006265,
          4192.148823989555,
          4192.397858016193,
          4191.445721022319,
          4191.619860997889,
          4191.209886979777,
          4190.511360007804
        ]
      },
      "est_ppt": {
        "mean": 4033.1563751606154,
        "std": 757.3686759106831,
        "values": [
          400.9484716807492,
          4193.893747637048,
          4192.828125669621,
          4192.460342659615,
          4192.745215666946,
          4191.826261638198,
          4192.2972746542655,
          4191.882339655422,
          4192.295162705705,
          4190.764079627115,
          4190.071791643277,
          4191.361072647851,
          4190.6346586183645,
          4190.312121703755,
          4190.943771624006,
          4190.843693679199,
          4190.051185665652,
          4190.912427671719,
          4190.373448655009,
          4190.622482681647,
          4189.670345687773,
          4189.844485663343,
          4189.434511645231,
          4188.735984673258
        ]
      },
      "e2e_ttft": {
        "mean": 4034.9317504951614,
        "std": 757.3686759106831,
        "values": [
          402.7238470152952,
          4195.669122971594,
          4194.603501004167,
          4194.235717994161,
          4194.520591001492,
          4193.601636972744,
          4194.0726499888115,
          4193.657714989968,
          4194.0705380402505,
          4192.539454961661,
          4191.847166977823,
          4193.136447982397,
          4192.41003395291,
          4192.087497038301,
          4192.719146958552,
          4192.619069013745,
          4191.826561000198,
          4192.687803006265,
          4192.148823989555,
          4192.397858016193,
          4191.445721022319,
          4191.619860997889,
          4191.209886979777,
          4190.511360007804
        ]
      },
      "throughput_over_time": null,
      "requests_throughput_over_time": null
    },
    {
      "concurrency": 32,
      "context_size": 0,
      "prompt_size": 512,
      "response_size": 128,
      "is_context_prefill_phase": false,
      "pp_throughput": {
        "mean": 3148.5142772695426,
        "std": 0.0,
        "values": [
          3148.5142772695426
        ]
      },
      "pp_req_throughput": {
        "mean": 98.69240237315202,
        "std": 0.8560705264740521,
        "values": [
          98.42365130690902,
          101.98080549588504,
          98.43583015850356,
          98.44384277455748,
          98.42733699678101,
          98.4360226967474,
          101.97877454846649,
          98.24730207380075,
          98.44644953302945,
          98.44211740308327,
          98.61393022293281,
          98.42459630755063,
          98.44343341907457,
          98.63206355413924,
          98.25079177165806,
          98.27107167687437,
          98.45332037849643,
          98.44862993730986,
          98.47054466441325,
          98.44782178724903,
          98.47940289944663,
          98.48494078722996,
          98.49547557638626,
          98.6691704929139,
          98.47460180820921,
          98.48946854616416,
          98.49664814230485,
          98.86484010307869,
          98.49147936893095,
          98.49372058467571,
          98.49304830109466,
          98.50574262296774
        ]
      },
      "tg_throughput": {
        "mean": 261.5700985784154,
        "std": 0.0,
        "values": [
          261.5700985784154
        ]
      },
      "tg_req_throughput": {
        "mean": 8.281902416835987,
        "std": 0.030743722480348193,